entry_id,entry_name,year_from,year_to,region_id,log_area
23,Late Shang Religion,-1200,-1045,7,13.129489932635702
173,Johannine Christianity,90,120,483,0.665637076351459
174,Matthew-James-Didache Movement,50,160,352,12.14833263544963
176,Qumran Movement,-150,68,486,6.9165035333158915
177,Jesus movement,30,70,485,10.334549851979684
178,Ancestral Cult of the Han,-206,220,104,15.483331544800597
180,Chinese Folk Religion,-350,200,10,14.571670541453846
182,Pauline Christianity,48,56,479,11.55207460394491
184,Chinese Buddhism (Northern Wei),386,534,7,13.129489932635702
185,Shinnyo-en,1936,2013,86,12.792615313624424
186,Buddhism (Late Ming),1590,1644,138,12.715964035332714
187,Chinese State Religion (Shang and Western Zhou),-1750,-850,7,13.129489932635702
189,Israelite Religion,-1200,-400,44,10.456861270806293
190,Sri Lankan Buddhism (1948-Present),1948,2015,488,11.101753317486192
191,Early Khalsa Sikhs,1699,1799,85,11.173832912137902
192,Fijian Religion (pre-conversion),1835,1854,32,9.823263434321692
193,Fijian Religion (contemporary),2000,2013,32,9.823263434321692
195,Shakta Religion,500,1100,43,13.285367755023108
196,Pauline Christianity (ca. 45-60 CE),45,60,479,11.55207460394491
197,Gönlung Monastery (dgon lung byams pa gling),1604,1958,490,-0.4417730334874601
198,Religion in Attica (600-300BCE),-600,-300,50,7.9188001643586
199,Mithraism,100,400,132,15.463113061554482
200,Nechung Cult,1650,1850,96,14.641949401303044
201,Mediterranean,-500,500,6,14.599749841844586
202,Early Zhou Religion,-1046,-771,79,11.94444729090826
203,Pre-imperial Chu Religion,-790,-223,78,12.587214394767212
204,Han Confucianism,-206,220,104,15.483331544800597
207,Buddhism in the Tang,600,1000,482,15.817764347144395
209,Ancient Egypt,-2000,-30,136,11.877927699007461
210,Jesus Associations and the Synoptic Gospels,50,150,6,14.599749841844586
211,Amarna Religion,-1350,-1320,34,3.4969587237557582
212,Warring States (China) Religion,-481,-206,467,14.41275907217123
216,Mesopotamia,-3200,-612,476,13.225938080846378
217,Roman private religion,-202,-44,498,12.503311680926686
222,Late Classic Lowland Maya,600,900,56,12.44373068756665
224,Old Norse Fornsed,600,1100,31,13.091108504780847
227,Hindu Goddess Worship in Northwest India—Modern Period,1980,2000,481,12.618793750308068
228,Late Chosŏn Korea,1600,1900,42,12.293833644943692
230,Religion in Mesopotamia,-3300,-539,494,13.747551191650603
231,Roman private religion,-600,-202,540,12.430950072630456
232,Pre-Dynastic Lower Egypt,-5050,-3050,529,12.472549384496148
233,Khartoum Neolithic,-3750,-1600,530,12.85652218270244
234,East African Neolithic I,-3050,750,533,15.152887180947536
236,East African Neolithic II,-1050,750,532,15.185651033298289
237,Central African Neolithic,-2950,-50,536,14.774229909863127
238,Central African Iron Age,-400,1450,537,14.774229909863127
239,North African Proto-Historic,-2050,-1050,526,15.34927635169912
240,Late Medieval Chinese State Religion,775,960,45,14.843149395332459
244,Early Tokugawa Neo-Confucianism,1600,1700,41,12.573649386342455
245,Warring States Confucian Thought,-450,-221,81,14.40559078088832
246,Acacus Mountains and Tassili n'Ajjer Neolithic,-6050,-1050,525,15.88610054759435
247,Air and Tenere Neolithic,-4050,-1050,525,15.88610054759435
249,Tyva Republic (Animism-Totemism-Shamanism),1990,2013,52,12.038743498174588
250,"Tiantai Buddhism (Song Dynasty, Liangzhe Circuit)",960,1279,546,11.51201831909407
252,Wilton,-8050,-50,512,13.858243082246545
255,Talismanic Religion,-200,500,130,14.123590256407574
256,Etruscan Religion,-10,-1,498,12.503311680926686
257,Classic Zapotec,250,850,550,7.861193026997222
263,Irish Catholicism,2000,2015,554,11.278997766341146
284,Yolngu religion,-3500,2015,567,10.18009548661163
287,Mithraism,100,400,132,15.463113061554482
294,Xuanxue 玄學,200,600,574,15.152366566601367
299,Shang State Religion,-1250,-1046,7,13.129489932635702
300,Israelite Religion,-1200,-515,44,10.456861270806293
308,Neo-Assyrian Scholars,-900,-501,582,12.933997206751684
310,Aztec Imperial Core,1325,1519,585,10.188896619200705
325,Religion at Mawangdui,-193,-168,598,-4.533187075180642
337,Inca,1300,1550,400,14.068894011513615
338,Kwakwaka'wakw Indigenous Canadian Religion,1800,1950,608,10.25121067385379
341,Pauline Christianity,45,60,479,11.55207460394491
342,Jesus Associations and the Synoptic Gospels,50,150,6,14.599749841844586
348,Yanshi Shangcheng,-1600,-1365,613,0.6044213656314119
354,Priests and Scholars of Hellenistic Uruk,-330,-125,640,2.671367105148386
355,Paul the Apostle,50,60,6,14.599749841844586
358,16th-17th c. Gauḍīya Vaiṣṇava Tradition,1500,1700,620,9.417084288589942
361,Classical Greek Religion,-500,-300,588,11.717235061375533
364,Chittagong Plain Buddhists,1860,2010,634,12.271748154430421
374,Non-dual Śaiva Tantra,800,1600,496,15.31779536744033
378,Bahinabai Chaudhari's Songs: A Performance Tradition in Maharashtra,1880,1951,814,12.633543589070968
381,Sikhism: Guru Nanak to Guru Arjan,1469,1606,481,12.618793750308068
383,Varkaris,1200,1700,649,12.633804052534975
386,Kapingamarangi,1877,1877,650,4.796455083652259
387,Ahmadi; Ahmadiyya Muslim Jama'at; Ahmadiya,1889,2016,652,12.778677906262438
389,Iban traditional religion,1840,1970,656,11.721786063022618
390,Dasara,1610,2016,654,11.435317317107069
392,Sikhism: Guru Hargobind to Guru Gobind Singh,1606,1708,652,12.778677906262438
395,International Society for Krishna Consciousness (ISKCON),1966,2016,492,14.903570276058058
400,Singaporean Mega-Churches,1980,2015,381,6.245383238702415
406,Daoism,142,2014,45,14.843149395332459
415,Shaiva World Renouncers,1970,2015,667,14.892168448455543
416,Edinoverie,1800,1918,669,16.914856626025095
418,Tikopia Religion,1900,1950,672,3.082108788796347
419,The Worship of Jagannath in Puri (Odisha),1970,2016,673,11.945715851695558
420,Swaminarayan Sampraday,1800,2017,677,12.146589780990443
422,Demeter Cult,-1500,396,50,7.9188001643586
423,Mediterranean,-500,500,6,14.599749841844586
424,Achaemenid Religion,-550,-330,548,15.572864182032564
430,Yahgan,1865,1933,682,8.914275335719916
432,Tehuelche,1871,1914,684,13.558405006387876
435,Mongol Religion,1206,1368,685,17.046134081367033
436,Mapuche,500,2002,686,14.181021452696418
437,Abipon,1500,1770,687,13.630739895789299
438,Aweikoma,1850,1998,688,11.44933799849009
439,Śaiva Magic,800,1500,689,15.153635362360724
440,"Jain Digambara Tantra, Karnataka",900,1200,654,11.435317317107069
441,Worshipers of Śītalā,1690,2017,690,13.390484909055345
442,Donatism,311,427,691,12.246901187073947
443,Tyva (Buddhism),1634,2017,52,12.038743498174588
444,Sursurunga,1920,2017,692,9.141782774116626
446,Tupinamba,1500,1750,694,13.842322600936157
447,Trumai,1820,1940,695,9.19406034801523
448,Nambicuara,1718,1990,696,13.208641377102458
450,Sirionó,1580,2006,698,11.70513326816239
451,Aymara,1430,1987,699,11.643824089081143
453,Guangzhou (Buddhism),1985,2017,701,8.858607029972543
455,Lan Na Buddhism,1292,1558,703,11.866860845372601
456,The Essenes,-165,75,485,10.334549851979684
457,Kananga - Pentacostal,2013,2017,704,5.604282080176494
458,Tanna - Christian,1869,2017,705,6.361721111919809
459,Tanna - Kastom,-1100,2017,705,6.361721111919809
460,Jivaro,1956,2000,706,9.112857413237561
461,Cayapa,1597,1998,707,7.677426030840483
462,Tukano,1550,1989,708,13.027336954476546
463,Mundurucu,1770,1980,709,14.758473326691847
464,Saramacca,1762,1989,710,10.715119965042954
465,Mysore,2014,2016,711,8.203400301028104
468,Turkana,1870,2017,715,10.979324998520266
469,Won-Buddhism,1916,2017,717,11.482034849644005
470,Archaic Spartan Cults,-800,-500,719,5.383995196467754
471,Urban Northern Ireland,2015,2016,720,9.559574801351728
472,Karma Kagyu or Kamtsang Kagyu,1110,2017,96,14.641949401303044
476,Cham Bani,1000,2015,724,9.697367766147046
477,Tractarian Movement,1833,1845,725,11.752226981680595
478,Early Indian Buddhism,-450,1,726,15.234902616166844
479,Mesopotamian city-state cults of the Early Dynastic periods,-2900,-2300,476,13.225938080846378
481,Huichol,1780,2000,728,12.456654387490103
482,Miskito,1700,2000,729,9.45575456111012
483,Northern Irish Roman Catholics,2015,2016,720,9.559574801351728
484,Northern Irish Protestants,2015,2016,720,9.559574801351728
485,Sámi pre-Christian religion,500,1500,730,13.172792746768529
486,Church of Jesus Christ of Latter-day Saints (early),1820,2017,731,13.359215268823085
487,Bribri,1502,2010,732,9.858577883995777
488,Yanomamo,1750,2010,733,11.8910900530914
489,Callinago,1750,2010,734,5.596642575196765
490,Guglielmites,1260,1302,498,12.503311680926686
491,Anglican Church,1530,2017,735,16.66311219339805
492,Roman Divination,-800,380,737,15.61588871140793
493,Krishna Worship in North India - Modern Period,1858,2017,739,12.93032164938747
494,Cuna,1800,1995,740,7.684833074648651
495,Goajiro,1499,2012,741,9.533164070170425
496,Haitians,1791,2006,742,10.189290850469149
497,Carib,1890,1970,743,9.214008348018346
498,Papago,1700,2000,744,12.46303380262756
499,Huvasupai,1700,2005,745,6.795858543274748
500,Zuni,700,2000,746,5.35722818141137
501,Chiricahua,1800,2010,747,12.408039042880247
502,Comanche,1700,2000,748,8.59780493459914
503,Creek,1700,2001,749,10.716276614161353
509,Omaha,1700,1994,751,6.945753306394729
510,Pawnee,1830,2010,752,11.431654946439847
511,Gros Ventre,1700,2000,753,7.966358292122261
512,Klamath,1700,1990,754,7.096858834043572
513,Yokuts,1750,1990,755,7.830723738375291
514,Pomo (Eastern),1800,2000,756,9.100470675459574
515,Yurok,1775,2000,757,8.152807202625489
516,Bellacoola,1750,2010,758,8.189551468142575
517,Haida,1750,2010,759,10.56019766221508
518,Kaska,1800,2000,760,11.551990944223801
519,Saulteaux,1600,2000,761,13.009344175552815
520,Cham Ahiér,1600,2015,762,9.587313342411958
522,Mi'kmaq,1500,2011,763,12.016359592394934
524,Montagnais,1600,1990,765,12.193443488836738
525,Church of Jesus Christ of Latter-day Saints (modern),1951,2018,660,18.44972285343547
526,Hmong Christianity,1900,2018,766,14.122336608432434
528,Copper Inuit,1771,1980,767,11.774178847988676
529,Aleut,1741,1995,768,9.323745468546413
530,Ingalik,1830,2010,769,10.566339510881678
531,Chukchee,1641,1989,770,13.295329481015921
532,Gilyak,1650,1989,771,11.358016251662193
533,Ainu,1263,2007,772,11.733539363934366
534,Roman Imperial Cult,-42,518,132,15.463113061554482
535,Pāśupatas,200,1200,496,15.31779536744033
536,Manchu,947,2000,773,12.649104783197672
537,Ifugao,1550,1970,774,10.662524161351014
538,Yapese,1526,2003,775,4.530167571143058
539,Trukese,1880,1988,776,3.9992428666725734
540,Tikopia,1606,1980,777,1.6021525250672224
541,Siuai,1900,2000,778,8.059936434916382
542,New Ireland,1884,1975,692,9.141782774116626
543,Manus,1884,2000,780,7.571027588148014
544,Kwoma,1900,2003,781,10.679635058491014
545,Kapauku,1938,1990,782,11.648049864029204
546,Orokaiva,1988,1989,783,9.942598803157196
547,Aranda,1860,2000,784,15.06939751369767
548,Tiwi,1750,1986,785,8.927012045432571
549,Alorese,1854,1980,786,7.969310842510614
550,Iban,1841,1989,653,10.98993085029544
551,Tanala,1810,1998,788,11.856801601962864
552,Vedda,1000,1970,789,9.41848497542945
553,Andamanese,1788,1983,790,8.589036296476815
554,Nicobarese,1750,2011,791,7.4582088819985675
555,Semang,1900,1986,792,11.286603100499342
556,Lolo,1000,2000,793,10.168425920081534
557,Burusho,1878,2000,794,11.40200794145617
558,Uttar Pradesh,1500,2010,795,12.249153585837131
559,Santal,1854,1991,796,12.749463977360218
562,Medieval Śrīvaiṣṇavism,1017,1445,480,11.826548667488137
563,"Gaddi, a Hindu community of the Western Himalayas",1845,2018,797,10.300784085976403
564,Tribal Christianity (and allied castes) in the Himalayas,1950,2018,799,13.532873798989387
565,Fellahin,1925,1960,803,11.287162921444393
567,Gay and Lesbian Vaishnava Association (GALVA-108),2001,2024,802,17.224259551572153
569,Khalka Mongols,1895,1930,805,9.088745545228312
570,Supreme Master Ching Hai World Society,1986,2018,806,15.588550506895833
571,Abkhaz,1855,1890,807,9.37540088669622
572,Trobrianders,1890,1930,808,5.508393679995086
574,Konso,1920,1967,810,8.544473712952064
576,Kuy traditional religions,1000,2018,811,11.487925774542338
577,Ganda,1860,1900,812,8.159929804678974
578,Gond,1875,1910,815,8.80142256057198
580,Nāth Sampradāya,1700,2018,817,14.778850613068169
581,Mentawai (Rereiket),1970,2018,818,3.6884183314137764
582,Siamese (Central Thai),1930,1960,819,2.9732502832037135
586,Kelantanese Thai Religion,1900,2017,821,8.883632011094976
588,Nyakyusa,1905,1940,822,9.352967691204535
589,Warrau,1915,1945,823,10.910665439475576
590,Huayan School (Early Tang),670,712,824,7.834235922462961
591,Koreans,1925,1950,825,2.1088074431388555
592,Veerashaivas,11,12,826,12.16168113284794
594,Wolof,1925,1955,828,11.619520116251268
595,Western Samoans,1804,1840,829,7.032269285715961
597,Confucianism - Eastern Zhou,-600,-200,467,14.41275907217123
598,Masai,1875,1915,833,11.08926020760999
599,Lepcha,1920,1938,834,2.502211037315361
600,Riffians,1900,1930,835,10.281296876911883
602,Amhara,1930,1960,837,3.3390391950954745
604,Bambara,1890,1923,838,8.303038919579706
605,Burmese,1940,1965,839,3.706155722150866
607,Mohism,-400,-200,467,14.41275907217123
608,Kurd,1926,1955,841,0.674850081519329
609,Tallensi,1915,1940,842,9.341080066325446
610,Somali,1900,1960,843,9.2085871887104
611,Javanese,1930,1960,844,5.077806062782471
612,Marshallese,1880,1915,845,3.466800492138593
613,Maori,1800,1830,846,12.494633100076395
614,!Kung,1925,1960,847,10.150308968732912
616,Balinese,1933,1960,849,8.587060058628651
618,Nuxalk,1860,1890,851,8.35930879091465
619,Gilyak,1865,1900,852,11.231749746935558
620,Papago,1900,1935,853,9.320914047466028
621,Haitians,1910,1935,854,2.5805623500681136
622,Miskito,1896,1921,855,3.571817369375232
623,Diasporic American Hinduism,1965,2018,856,15.860842504894643
624,The Roshaniyya,1550,1640,857,12.914281500436855
625,Copper Inuit,1890,1915,858,10.222046269688798
626,Barama River Carib,1907,1935,859,9.43728573084331
627,Tikopia,1905,1935,860,2.3496825448704626
629,Newar Buddhists,1200,2018,861,7.172281994924431
630,Aranda,1886,1913,862,11.646736155320713
631,Cayapa,1879,1909,863,7.109422779667768
632,Local Religion at Selinous,-650,-409,864,2.7141168597466967
633,Mādhva,1238,2018,865,13.755517401607339
634,Classical Daoism,-350,-100,467,14.41275907217123
635,Ifugao,1890,1920,866,8.59375525148435
636,Balinese Śaiva priests (pedanda siwa),1500,2018,867,8.611211804607114
637,Yahgan,1900,1924,868,9.117599614623728
638,Klamath,1855,1900,869,9.709451837188494
639,Chinese Esoteric Buddhism (Tang Tantrism),716,900,499,5.572505787008397
645,"Meo Muslim, Mev, Mewati Muslim",1100,2020,873,8.954835531971522
646,Lakota Religious Traditions,1889,2018,874,9.959344210325522
647,Havasupai,1893,1921,876,6.58044505892334
648,Haida,1870,1901,877,9.176132872950122
649,"Worshippers at the Chidambaram Nataraja Temple, Modern Period",700,2019,480,11.826548667488137
650,Manus,1918,1945,878,7.5197698604323575
651,Kapauku,1930,1955,879,9.7173000694497
652,Tiwi,1904,1930,880,8.669885214416308
654,12th-13th c Cistercians,1198,1250,493,15.572798759376031
655,Siriono,1917,1943,881,5.38304080013013
657,Trukese,1912,1949,883,0.8236849395164683
658,Mapuche,1925,1951,884,6.397496783043921
660,Iban,1941,1966,886,11.734556627237088
661,Congregation of Savigny,1113,1147,887,12.126039821751526
662,Goajiro,1922,1947,888,9.553471127905313
666,Siuai,1914,1939,890,8.430022398647756
667,Ainu,1855,1880,891,9.288663480441372
669,Orokaiva,1900,1925,893,10.039912229490008
671,Mbau Fijians,1820,1840,895,-1.9904287778440333
673,Pawnee,1842,1870,897,4.499053790250168
674,Aymara,1915,1940,898,1.7458466293204942
675,Chukchee,1885,1910,899,14.436140080592839
676,"The Order of the Holy Trinity for the Redemption of Captives, 1198-1500",1198,1500,900,14.181319869441717
677,Yapese,1885,1910,901,4.098228179633056
679,Santal,1915,1940,903,9.706628649566145
680,Gujarati Mata Worshipers,1850,2019,677,12.146589780990443
681,Sargonic Empire,-2350,-2150,904,13.102233691570456
682,Lakher,1905,1935,910,10.076128616066994
684,Huron,1615,1640,907,7.483967702436638
685,Badjau,1940,1966,908,6.4697727864219665
686,Popoluca,1915,1945,909,2.678532233866842
688,Darul Uloom Deoband,1866,2019,496,15.31779536744033
689,Lengua,1869,1895,911,11.050091249281222
690,Ahl-e-Sunnat wa Jamaat,1880,2019,496,15.31779536744033
691,Fur,1870,1895,912,8.847165005495988
694,Eyak,1880,1910,915,8.244227349793185
710,Hidatsa,1816,1840,923,10.932314280834737
711,Kwoma,1912,1937,924,7.157201926450817
712,Huichol,1880,1934,925,8.32304030245621
713,Northern Saulteaux,1910,1940,926,10.152203337080424
714,Tamil Śaiva Bhakti,550,850,480,11.826548667488137
717,Igbo,1910,1940,927,5.192245292954909
719,Hinduism in Trinidad,1845,2018,342,8.480638158390821
721,Semang,1910,1940,929,7.133925267287845
722,Gros Ventre,1835,1885,930,8.079749260095642
723,Trumai,1910,1940,931,4.377232032586923
724,Aweikoma,1909,1934,932,6.560503299621658
726,Early Śramaṇas,-700,500,934,12.795006226213939
727,Raglai,1160,2017,935,8.592779912083943
728,Pentecost,1928,1959,936,5.368027509631073
729,Kikuyu,1895,1930,937,8.957604309841159
732,Marquesans,1800,1875,938,5.5888821732225855
733,Kaska,1870,1915,939,10.87540383127096
736,Jivaro,1895,1929,941,9.557307263327896
737,Nama Hottentot,1855,1900,942,10.975092725547176
738,Ancient Egyptian,-3000,300,944,13.294462581719248
739,Lakalai,1885,1910,945,6.1207436594091185
741,Śākta Hinduism,1200,1750,947,8.334189785390306
742,Thai Bhikkhunis,2003,2020,348,13.140774580202068
744,Rwala Bedouin,1887,1915,949,11.090157690698911
745,Buka,1860,1885,950,6.693515206940392
748,Lamet,1915,1945,953,7.782830507219517
749,Korean shamanism,1800,2020,717,11.482034849644005
750,Mekeo,1850,1875,954,6.317683888664623
751,Buddhism in the Mekong Delta,2020,2025,141,12.678989839739705
752,Haroi,1470,2019,955,7.924817954308248
755,Uyghur Islam,1850,2020,960,14.066340117064899
756,"Punjab/Delhi, India",-750,-250,961,11.993187899947142
757,Kiribati,1795,1820,962,5.678886069814842
759,Comanche,1855,1880,964,11.70075711926674
760,"Punjab/Delhi, India",-250,1200,1919,11.928468464620552
761,"Punjab/Delhi, India",1200,1600,1920,11.945693697548489
762,"Punjab/Delhi, India",1600,2020,1921,11.956615986794468
763,Moriori,1810,1835,968,6.706204742611852
764,Timbira (Canela),1900,1936,969,12.047597270752963
765,The Oneida Community,1848,1886,970,4.061327297749939
766,Garo,1930,1960,971,6.298447150118249
768,Mundurucu,1850,1900,973,10.455728798374334
769,Wogeo,1910,1935,974,3.424254792407691
770,Thai Forest Tradition,1920,2020,348,13.140774580202068
771,Muscular Christianity,1762,2020,975,16.768675048171698
775,Jainism,-900,2020,492,14.903570276058058
777,Syria,-538,-515,981,9.787009661908048
778,Syria,-538,-60,981,9.787009661908048
779,Syria,-514,-60,981,9.787009661908048
781,Syria,381,500,981,9.787009661908048
782,Syria,1206,1368,981,9.787009661908048
783,Upper Egypt: Archaic/Early Dynastic Period,-3150,-2686,983,11.1496987047621
784,Upper Egypt: Old Kingdom,-2686,-2181,983,11.1496987047621
785,Upper Egypt: First Intermediate Period,-2181,-2055,983,11.1496987047621
786,Upper Egypt: Middle Kingdom,-2055,-1650,983,11.1496987047621
787,Upper Egypt: Second Intermediate Period,-1650,-1550,983,11.1496987047621
788,The Late Bronze Age City-State of Ugarit,-1500,-1200,984,6.1742628157142265
790,Upper Egypt: New Kingdom,-1550,-1069,983,11.1496987047621
791,Upper Egypt: Third Intermediate Period,-1069,-664,983,11.1496987047621
792,Upper Egypt: Late Period,-664,-332,983,11.1496987047621
793,Upper Egypt: Alexander and the Ptolemies,-332,-30,983,11.1496987047621
794,Omaha,1840,1880,986,9.934503055500283
799,Upper Egypt: Roman Egypt,-30,390,983,11.1496987047621
802,Chinese Nunnery in Myanmar,1945,2020,450,13.394049906150284
803,Italy: The Catholic Church,1530,1760,991,12.628883225904286
804,Italy: The Catholic Church,1760,1870,991,12.628883225904286
805,Italy: The Catholic Church,1870,1920,991,12.628883225904286
806,Italy: The Catholic Church,1929,2017,991,12.628883225904286
807,British Isles I: Pre-Roman Britain,-500,-43,992,11.904452255562116
808,British Isles II: Pre-Theodosian Roman Britain,-43,380,992,11.904452255562116
809,British Isles III: Pre-Theodosian Roman Britain Continued,-43,380,992,11.904452255562116
810,British Isles IV: Pre-Theodosian Roman Britain Continued,-43,380,992,11.904452255562116
811,British Isles V: Christian Roman Britain,380,500,992,11.904452255562116
812,Temple of the Jedi Order,2007,2020,993,18.764747614336198
814,British Isles VI: Christian Roman Britain,380,500,992,11.904452255562116
815,British Isles VII: Christian Roman Britain,380,500,992,11.904452255562116
816,British Paganism.,-500,350,992,11.904452255562116
817,Early Medieval British Christianity,350,650,992,11.904452255562116
818,"West Bengal, India",-300,600,996,11.312197970473223
819,"West Bengal, India",600,1200,996,11.312197970473223
820,"West Bengal, India",-1200,-300,996,11.312197970473223
821,"West Bengal, India",1200,1800,996,11.312197970473223
822,"West Bengal, India",1800,1950,996,11.312197970473223
823,"West Bengal, India",1950,2020,996,11.312197970473223
824,"Central Macedonia, Greece: Eastern Orthodoxy",1260,1302,997,9.323651686784412
825,"Central Macedonia, Greece: Eastern Orthodoxy",1530,1912,997,9.323651686784412
826,"The Church of Christ, Scientist",1866,2020,1940,16.80376866803154
827,"Central Macedonia, Greece: Eastern Orthodoxy",1913,2017,997,9.323651686784412
828,Italy: The Franciscan Order,1209,1312,991,12.628883225904286
829,Italy: The Jesuit Order,1540,2017,991,12.628883225904286
833,Dobu,1870,1895,1002,2.0243350126451096
834,The Plum Village Sangha of Thich Nhat Hanh,1982,2020,1003,5.889532523473383
835,British Isles: Pre-Roman,-500,43,992,11.904452255562116
836,British Isles: Romano-British,43,500,992,11.904452255562116
839,19th century German Protestantism,1788,1914,1008,13.206687769480384
841,Sa skya,1073,2020,1010,12.472615125311792
842,American Evangelicalism,1730,2020,1011,16.084396548017395
843,Bnay Qyāmā and Bnāt Qyāmā,300,900,1012,10.777140952206562
846,Xuanzang's Yogācāra Tradition,645,696,1015,3.1949325409551714
848,Sadducees,-200,70,485,10.334549851979684
849,"""Gaiwiio Religion,"" ""Longhouse Religion,"" or ""The Way of Handsome Lake"" of the Seneca Tribe",1750,1850,1016,10.632438974066076
850,Pre-Christian Religion / Paganism in Gaul,-600,-51,1017,13.2403933482978
851,Sikhism in the United States,1899,2020,1018,15.921800488855492
852,Pre-Christian Religion / Paganism in Ireland,-500,900,1019,11.301109206463476
853,Pre-Christian Religion / Paganism in Northern Britain (Pictland / Scotland),-500,900,1020,11.055019564781276
854,pre-Christian Irish,-400,900,554,11.278997766341146
855,Middle-Class Migrant Muslims in the UAE,1900,2020,1021,11.257065529509696
857,Wesleyanism,1738,2020,1097,17.506340699345518
858,"The New Prophecy or ""Montanism""",165,550,1024,12.17821516039096
859,Valentinians,135,400,6,14.599749841844586
860,Kimpa Vita,1704,1706,1025,14.481841929168798
862,Ilm-e-Khshnoom,1907,2020,1027,9.504860148337363
863,Orphism,-550,450,1028,10.263466760701501
866,Taigu School,1762,1950,1030,12.844633505685358
867,Nyingma Treasure,1200,1500,96,14.641949401303044
869,Sichuan Esoteric Buddhist Cult,855,1279,1031,11.276927160902577
870,Postsocialist Mongolian Buddhism,1990,2020,1032,14.280894438267
871,Spiritualism,1848,2020,1033,16.689780282434956
873,The Branch Davidians,1962,1993,1035,3.795664144659529
877,The International Network of Engaged Buddhists - INEB,1989,2022,660,18.44972285343547
879,Free Methodist Church,1860,2020,1103,17.915282894745282
880,Egyptian Salafism (inluding North Africa and West Asia),1870,2015,1038,15.982185185213247
882,Orphism,-450,425,1040,13.027422747845055
883,Catholics in the People's Republic of China (PRC),1949,2020,809,15.027386147354102
884,Sub Saharan Africa Pentecostalism,1907,2022,1041,16.96857943642233
885,Contemporary West African Vodun,-1960,2022,1071,12.16471410443827
886,Pushtimarg (The Path of Grace) in the UK and Gujarat,1990,2020,1042,12.967759252467875
887,Postsocialist Mongolian Shamanism,1990,2020,1043,14.272893406873633
888,Céli Dé monks,780,900,1044,9.73414859033761
891,Peruvian Mormons,1956,2020,1047,14.304128551826611
892,Charismatic Renewal Movement in Christianity - Second Wave Pentecostalism,1960,2020,1018,15.921800488855492
893,Sethian Gnostic,100,400,1048,10.395188497671217
894,Universal Fellowship of Metropolitan Community Churches,1968,2020,1049,16.778824014657385
896,Sannō Shintō,800,1571,1050,7.981644658512497
897,Gaengjeongyudo,1945,2020,717,11.482034849644005
898,Rastafari of Jamaica,1930,2020,666,12.187886638384047
899,Nahdlatul Ulama (NU),1926,2020,1053,14.44014793921163
900,Pharisees,-150,70,485,10.334549851979684
902,British Isles: Christian,300,500,992,11.904452255562116
903,The Buddhist community on Mount Lu during early medieval China,350,450,1055,6.013415025732043
904,Euboea/Central Macedonia: Nicaean-Chalcedonian Christianity,397,500,997,9.323651686784412
905,Euboea/Central Macedonia: Constantinopolitan Chalcedonian Christianity,1260,1302,997,9.323651686784412
906,The Church of England,1963,2020,725,11.752226981680595
908,Sino-Christian Theology,1980,2020,1060,17.15345299741625
910,Christian Base Community movement,1968,1998,1062,16.799477269792263
911,Italy: Roman Catholic Christianity,1260,1302,991,12.628883225904286
914,Tariqa Shadhiliyya,1258,2020,1064,15.804088565713414
915,Protestantism welcoming People with Disabilities,2000,2020,1065,9.478856670617693
916,Italy: Roman Catholic Christianity II,1530,2017,991,12.628883225904286
917,British Isles: Predominantly Celtic Polytheism,-500,-50,992,11.904452255562116
918,Fangshi,-475,220,10,14.571670541453846
919,Catholicism in contemporary Croatia,1995,2020,1068,10.92930639382485
921,Bhils,1900,2020,1070,13.185785233048655
922,British Isles: Mixed Roman and British Polytheism,-50,400,992,11.904452255562116
923,British Isles: Introduction of Early Christianity through the End of Columban/Irish Christianity,200,700,992,11.904452255562116
924,Muridiyya of Senegal,1853,2022,1072,12.157179730180488
925,Rabbinic Judaism (Babylonia),220,650,1073,10.287445030825578
926,Ladakhi Buddhism,842,2020,1074,12.226049400067286
927,Zealots,0,74,485,10.334549851979684
928,The Ghost Dance Movement and the Lakota Sioux,1860,1910,1075,10.702772181419334
929,Drikung Kagyu,1143,2020,1076,14.818917776267927
931,The Society of Jesus (Jesuits) in Britain,1580,2020,1078,13.248133561542765
933,Marcionites,144,1000,1080,15.733059778239564
934,Mongolian Buddhism during the Revolutionary Period,1911,1940,1081,14.275416983863845
935,Nigerian Pentecostalism,1910,2020,1082,13.654757111995742
937,Vestal Virgins,-800,394,872,2.61220389718852
938,Ugarit,-1600,-1185,1084,8.016246027249013
939,Goodenough and Fergusson Islanders,1875,1900,1085,7.071660871933869
940,Julio-Claudian Imperial Cult,-31,68,132,15.463113061554482
941,Chan Buddhists in early Qing period,1600,1700,1087,15.715628238104276
942,African Methodist Episcopal Church,1816,2020,1095,17.607938931080035
943,Moravian Missionaries in Nunatsiavut,1752,2020,1091,11.91023385631558
944,Mohyla's Ukrainian Church,1620,1700,331,13.305191623036409
945,Vasco-Aquitanian Religion,100,400,1106,11.31356676149509
946,Nyingma (rnying ma),700,1959,1129,14.704730372026583
948,Christianity in Ephesus,120,300,1094,3.7201529407636125
949,The Church of All Worlds,1963,2020,1096,14.49454811953066
950,The Religious Society of Friends,1652,2020,1125,14.43107787502172
952,Ethiopian Jews,1980,2020,1104,9.770594226279862
953,Sachchai,1975,2020,1140,12.538593232891602
955,British Isles: Augustinian/Roman Christianity,600,800,992,11.904452255562116
956,Iron Age Britain: Mid to Late Pre-Roman Iron Age,-500,-55,992,11.904452255562116
957,Spartan Religion,-800,-300,1105,9.08232991243659
958,Society of Jesus,1540,1773,498,12.503311680926686
959,Iron Age Britain: Romano-Celtic Era,-55,286,992,11.904452255562116
960,Bön (Bon),1000,2020,1107,14.621319784505552
961,Romanian Orthodox Church,1885,2020,1108,12.383447469132946
962,Amdo Gelukpa,1400,2000,1109,13.21140517605129
963,The Knights Templar,1119,1312,1110,15.046020226176728
964,Baul Fakirs of Bengal,1800,2020,1111,12.292571875783732
965,Pachomian Monasticism,323,548,1112,7.819582873036002
966,"Naqshbandī Order, Naqshbandī Tarīqa, Naqshbandīyyah, Khwājagān,",1318,2020,1113,13.880875695322386
967,Unitarian Universalism,1825,2020,1114,14.783803870611816
968,"Anabaptist Mennonites in North America, 1683-2021",1683,2021,1115,16.825809068100973
969,Adi Dravida/Valluva Sakya Buddhism,1891,1940,1117,11.680582717324606
970,Cult of Isis (Mysteries of Isis),-323,500,132,15.463113061554482
971,Gāṇapatya,500,2020,1120,13.698186679290751
972,Nestorian Christianity,431,1500,1121,16.589442811055882
973,The Sarna religion of the Oraons of Jharkhand,1845,2019,1136,11.003655235705121
974,"Greek Chalcedonian Christians, Nicaea",1204,1261,1124,11.76333567853042
975,Neo-Charismatic Movement - Third Wave Charismatic Movement,1980,2020,1018,15.921800488855492
976,Mising Community,1187,2019,1133,6.680154411702736
977,Chishti Sufis,1200,2020,1127,15.332891409843095
978,Indonesian Catholicism,1500,2020,1053,14.44014793921163
980,Pure Land Buddhist Schools in Early Medieval Japan,1175,1333,1134,11.1519452495676
981,Nation of Islam,1930,2020,1137,9.27885606854144
982,The Samaritans (Persian to early Roman periods),-500,100,1138,8.22081719106964
983,Tibetan and Himalayan Mundane and Landscape Cults,600,2020,1107,14.621319784505552
984,Calvinism (Early/Reformation),1530,2020,1139,13.260011004866406
985,The Victorines,1108,1299,1143,3.840246448285208
986,Theurgy,150,529,1144,10.930912507444377
987,"Parsis, Zoroastrians of India",1600,2020,1145,9.952873800410101
988,Churches of Christ- United States,1832,2020,1146,15.917981577797908
989,Opus Dei,1928,2020,1147,18.287726177180126
991,Beat Buddhism,1944,1969,1149,13.56969277454484
993,Pontifex Maximus and Pontifices (Pontifical College),-712,380,872,2.61220389718852
994,"Monastic Communities of Lower Egypt: Nitria, Kellia, Scetis",330,470,1150,8.368482678388746
995,Tamil Neo-Saivism,1841,2020,1151,11.946071494685674
997,Ancient Egypt - Early Dynastic Period,-2950,-2670,535,13.314060650993614
1004,Religion in Roman Ostia,-200,300,1158,0.15029716002179647
1005,Religion in Elam,-2600,-539,1159,13.664210192722868
1006,Ancient Egypt - Old Kingdom,-2670,-2168,535,13.314060650993614
1008,Ancient Egypt - First Intermediate Period,-2168,-2010,535,13.314060650993614
1010,Pythagoreanism,-530,200,1163,12.033351387707361
1011,Kingdom of Edom,-800,-550,1208,9.312168853771098
1012,Inhabitants of Medieval Kurgus,550,1500,383,14.443326593162594
1013,Estado da Índia Renegades in Deccan,1510,1640,1165,13.452041216576248
1015,Ancient Egypt - Predynastic Period - Early Naqada Culture,-4000,-2950,517,12.644825568519561
1016,Ancient Egypt - Predynastic Period - Cultures of Lower Egypt,-4000,-3400,529,12.472549384496148
1024,Universal Salvation Ritual,1200,1368,1170,11.781453391200253
1028,German Pietists (Hasidei Ashkenaz),1100,1250,1173,6.287401174008963
1031,Eastern Roman Manichaeism,300,600,1177,14.466582296463525
1037,Third Intermediate Period in Ancient Egypt,-1100,-650,535,13.314060650993614
1038,Sino-Muslims in Qing China,1644,1911,1183,15.359265473972362
1039,(Archaeology of) Religion in New Kingdom Nubia,-1550,-1070,1184,13.968148241899199
1041,Korean Catholicism,1600,2021,717,11.482034849644005
1043,Islam in Aceh,1500,2020,1187,10.945871307796825
1044,Han Imperial Cult under Emperor Wu,-141,-87,89,15.593111523897466
1049,Chalcolithic Southern Levant,-4500,-3600,44,10.456861270806293
1051,Religion at Tell el-Dab'a (ancient Avaris) in Ancient Egypt,-1960,-1550,1296,1.9354366649235106
1060,The Taizhou Movement,1500,1600,1225,15.105575302636204
1069,Religion at Deir el-Medina,-1504,-1069,1207,-2.8193543038709605
1071,Digital Shinto Communities,2001,2021,1435,18.696284550120325
1076,Inquisitors of Goa's Santo Ofício,1560,1687,1166,5.922790607270225
1083,Drukpa Kagyü School (Bhutan),1625,2021,1220,10.644525545078208
1087,The Bogomils,969,1400,1224,13.247979969968377
1095,Punjabi (West),1947,1958,1237,2.065075170116151
1101,Natchez,1710,1730,1243,4.714023101257452
1106,Old Kingdom Religion at Abydos,-2750,-2150,1266,2.1375865349766525
1108,Early Christianity and Monasticism in Egypt,0,600,1254,13.135241585643083
1109,Chan Buddhism in the Song,960,1279,1255,13.037401481832683
1110,Twana,1845,1875,1256,6.342781625619678
1125,Ancient Egypt - the Ramesside Period,-1292,-1070,1269,12.109879091921655
1127,Anglican Church of Korea,1890,2021,1271,12.296540021470951
1129,Ancient Thessalians,-700,476,1274,9.741991448700345
1133,Religion in Greco-Roman Egypt,-305,284,944,13.294462581719248
1134,Tiantai,600,2021,1278,9.908086398218135
1136,The Fellowship of Goodness 同善社 (Tongshanshe),1910,1951,1280,10.409740131043687
1140,Early Medieval Confucianism,220,589,1288,15.314660757764004
1149,Christianity in Tang China,618,906,1297,15.4674592581085
1153,Russian Orthodox Mission in Alaska,1821,1867,975,16.768675048171698
1154,The Cult of the Fox,1500,1950,1299,13.898139825477019
1156,Solovetski monastery,1429,1939,1302,9.226447515446962
1162,Lingbao dafa,400,1400,1307,13.169535375820562
1172,Twofold Mystery (Chongxuan 重玄),500,700,1317,12.096701505983768
1175,Religion in Northern Hejaz,-1500,-300,1320,11.295763908016554
1178,Modern Mystery School (MMS),1997,2021,1322,17.165610814098418
1180,Batak Traditional Religions,1600,2020,1325,11.118663332817228
1183,Religion at Nippur in the Ur III period,-2100,-2000,1328,10.930467366079059
1187,Sanctuary at Tell Damiyah,-850,-700,1331,-4.35279457365045
1189,Yādiya/Sam'al,-920,-713,1333,7.204358062438761
1190,Ancient state of Urartu,-850,-580,1334,11.778175719892959
1191,Religion in Greco-Roman Alexandria,-300,300,1335,4.738082392954427
1192,Kaharingan,1945,2021,1336,11.957346430200134
1196,K’iche’ (Quiché),1910,1940,1343,3.710309371221668
1197,Atheism in the Soviet Union,1917,1991,669,16.914856626025095
1199,Tiv,1905,1934,1345,10.021177413911584
1210,Mende,1920,1950,1355,6.295353068442969
1218,Yiguan Dao/I-Kuan Tao 一貫道,1870,2021,1366,7.091922852979192
1220,The Cult of Chinggis Khan (a.k.a. Genghis Khan) in Mongolia,1227,2023,1409,15.054617818764367
1223,Toda,1885,1910,1370,5.1547118482086285
1227,Polytheistic Pre-Islamic South Arabia,-900,360,1376,12.652452552855825
1228,Lesu,1915,1940,1377,5.890461100353323
1229,Three Self Patriotic Movement (TSPM),1950,2021,1132,16.046584482149072
1231,"Shenxiao 神霄 (""Divine Empyrean"") Daoism",1100,2021,1248,15.004002580077035
1234,Ashanti,1880,1910,1382,9.271209748195005
1240,Azande,1900,1935,1387,4.100509114025185
1241,Taiping 太平 Movement,1837,1866,1388,12.234757044160961
1246,Shilluk,1895,1925,1392,8.722356545696151
1247,Exovedate,1885,1885,1393,12.535654017024079
1248,Religion in the Old Assyrian Period,-1972,-1718,1394,1.05390959026229
1249,Cult of the Egyptian Gods at Demetrias,-294,14,1395,1.3851940643769267
1250,Hanbalism,850,1350,1396,14.703514223781976
1251,Tsonga,1880,1910,1397,9.899642332482763
1257,Ammonite Religion,-1000,-500,1403,7.319039452202003
1258,Religion in Judah,-1000,-586,1404,8.763985190600254
1259,"The LuWang School, the School of Lu Xiangshan and Wang Yangming",1200,1900,2149,16.207784086992223
1263,Judean/Yehudite Colony at Elephantine (Persian period),-500,-399,1411,-0.05902841758655335
1264,Judeans in Babylonia,-598,-447,1412,10.332400870715107
1268,Monotheistic Pre-Islamic South Arabia,360,570,1414,12.5630062500775
1274,Russian orthodox mission in Japan,1861,1945,1419,13.394450684882532
1279,Mandarese Muslims,1593,2004,1424,7.4385616605338765
1281,Otoro Nuba,1910,1945,1428,7.403109011974881
1283,Butonese Muslims,1500,2002,1431,10.592812409357833
1284,Religion of Phoenicia,-1200,-330,1432,9.300219603886385
1288,Bailadeiras of Goa,1510,1650,1166,5.922790607270225
1289,Buginese Muslims,1500,2004,1437,10.708587308809548
1293,The Zapotec or Ben 'Zaa (The Cloud People),-2000,2022,1444,10.576995712604928
1295,Donatism,311,600,1446,12.463836445956685
1299,Russians (of Viriatino Village),1940,1965,1449,0.8104412180888255
1300,"Enlace de Agentes de Pastoral Indígena (EAPI, Network of Indigenous Ministry Agents)",1990,2022,1450,14.415811494135554
1301,Moche (Mochica),-200,1000,1451,10.961433121779166
1303,Emar: A Hittite Vassal in Late Bronze Age Syria,-1400,-1200,1564,-1.0524554097335532
1304,Peyote Religion (Peyotism) and the Native American Church,1875,2022,1600,13.239045848190168
1306,Philistine Religion,-1200,-600,1456,7.859384371127549
1307,Southern Baptists,1845,2022,1457,16.060997803583327
1308,Jews and Jewish-Sympathizers in South Arabia,275,530,1458,13.110650494286501
1309,Circumcellions,315,500,526,15.34927635169912
1311,Jehovah's Witnesses,1870,2022,1460,7.633403978828037
1312,Bishnoi,1400,2022,1461,13.208411891651497
1319,Reginistas,1968,2022,1468,4.935855222766744
1321,Mourides (Muridiyya),1853,2022,382,12.184359815884175
1322,Pagans under the Emperor Julian,361,363,132,15.463113061554482
1323,Luguru,1910,1935,1470,7.427301141091069
1329,Pre-Pottery Neolithic in the Near East,-9700,-6600,1476,14.028219324027173
1333,Cult of Thecla,150,600,1487,15.245810268367705
1334,No-debt Movement in US Evangelicalism,1980,2022,1018,15.921800488855492
1335,Congregation of the Oratory,1575,1700,991,12.628883225904286
1337,Tell Afis (Syria),-1200,-600,1488,1.376596300402266
1340,International Sivananda Yoga Vedanta Centers,1957,2023,1493,14.965262160952701
1341,Muslim Students Association of the United States and Canada,1960,2022,1494,13.461560159881016
1344,Tibetan Nonsectarianism (ris med),1840,1920,1497,13.635373416097575
1348,Disability-focused Christianity for Palestinians,2012,2022,1502,3.9937300277851624
1349,The Dingxiang Wang Cult,1124,1991,1503,14.280183834496947
1352,Śākadvīpīya Brāhmaṇas,2,21,1505,12.863236611309658
1357,Encratites,100,400,1511,14.73035928732146
1369,Astronomers in Babylon,-750,80,1524,2.486025104136231
1370,Teda,1935,1960,1525,11.413700827088944
1371,Twelver Shi'ism in post-revolutionary Iran,1979,2022,1526,14.301266376913162
1374,The Reformed Church (Early Orthodoxy),1560,1620,1527,14.888657094509423
1376,African Initiated Churches,1900,2022,1529,14.015555047528734
1386,Liumen (Liu School),1807,1950,1541,13.446806800430153
1390,Eastern Apache,1855,1880,1545,9.871818112678643
1392,Messalians,360,900,1549,14.11699515442952
1396,Ptolemaic Egypt - Egyptian Religion,-304,-30,1551,13.586927877103042
1397,The Classic Period Peripheral Coastal Lowlands Ritual Ballgame Cult,400,1000,1552,12.075388866971103
1399,Religion in the Mittani Empire,-1550,-1350,1554,12.098050829643837
1400,The Buddhist Nuns of 4th - 6th century China,300,516,1555,13.54576626786829
1404,Religion in Nabataea,-300,450,1560,12.947176940876888
1409,Formative Olmec,-1500,-400,1565,11.626715381833648
1412,Tenrikyo,1838,2022,1568,12.824372426646848
1415,Anomeans,350,398,1573,13.168972581084624
1419,Ancient Egyptian Religion in the Early 18th Dynasty,-1550,-1425,1577,12.803265241123588
1420,Creek,1785,1810,1578,9.129530359441826
1425,Religion at Erlitou,-1800,-1500,1582,1.844954716633779
1426,Early Missionary Christianity in China,1580,1740,1583,14.782400291158668
1433,Novatians,250,258,1588,5.852439847572193
1434,Kuna,1912,1937,1589,-1.1114816416279119
1436,The Monastic School of Gaza,320,536,1593,10.205991851229506
1441,Mexica (Aztec) Religion,1325,1521,585,10.188896619200705
1450,Tehuelche,1855,1880,1607,13.272887362197455
1451,Religion in the Early Bronze Age / Canaan,-3600,-2400,1609,10.528110783390511
1454,Hesychastic Controversy,1337,1351,1612,5.936174313867003
1455,Basseri,1943,1958,1613,10.386939014341817
1456,Religion in the Middle Bronze Age / Canaan,-2000,-1550,1644,10.56106985889116
1458,Mbuti,1935,1960,1615,9.531976647477064
1461,Saami,1935,1960,1619,8.78836597405364
1466,Islamic modernists,1800,1980,1624,17.52969010458805
1468,Eastern Christianity From Nicaea to Chalcedon,325,451,1626,14.350983827515243
1469,Huamachuco Religion,300,1532,1627,9.334528501483229
1474,Amahuaca,1945,1970,1632,9.01002253717069
1488,Botocudo,1869,1894,1646,8.607094203207781
1492,Nambicuara,1925,1950,1650,11.087131618935917
1495,Secular Buddhists,1997,2022,1652,17.096657363993984
1505,Sample Religious Group Entry,500,1500,1669,10.495804556925297
1511,Sokoto,1804,1903,1673,13.473369030068305
1517,Tunisian Women's Associations,1936,1962,341,11.944022775387024
1521,Order of the Hermits of St Augustine (Augustinian friars),1256,1400,1683,13.358997536108667
1522,Tijaniyya Tariqa الطريقة التجانية,1781,2022,1685,16.23158458866845
1529,Byzantine Iconoclasts (726-787 CE),720,743,13,14.466582296463523
1535,الجمعية الخيرية الإسلامية بمدينة سوق الأربعاء,1921,1956,1724,2.744337095333338
1542,Umbanda,1913,2022,1750,16.008090589684546
1544,Ukrainian Greek Catholic Church,1596,2022,331,13.305191623036409
1555,Al-Ahbash الأحباش,1970,2022,1764,14.900982259224666
1556,Sundexioi (Mithras-worshippers),75,450,132,15.463113061554482
1570,Tamil Muslims,9,21,1781,15.205623038989636
1574,Household religion at Ur,-2000,-1800,1328,10.930467366079059
1582,Cult of Bona Dea,-300,500,132,15.463113061554482
1607,Zaydism and the state in Yemen,897,1700,1822,11.282835007367645
1615,Teuchitlan Tradition,-300,400,1833,7.8718135722594935
1619,"Saint Nicholas ""Maroulenas"", Kastania, southern Greece, byzantine church",1200,2023,1837,-0.751017964633274
1621,"Saint Spyridon,Kardamyli, southern Greece, postbyzantine church",1700,2023,1839,-0.2861986765301086
1624,Neo-Assyrian Healers (āšipu/mašmaššu-exorcists),-900,-612,582,12.933997206751684
1626,The Cult of Maritime Hera,-800,-400,1848,10.146822645071671
1627,Mount Putuo 普陀山,1978,2023,1842,-0.5092586802220141
1636,The second phase of the Iconoclastic Controversy,814,823,1626,14.350983827515243
1653,Visigothic Homoian Christianity,341,399,132,15.463113061554482
1654,Le Parti du Mouvement de La Nahda حزب حركة النهضة,1981,2023,1866,11.966296556893132
1667,Medérsiens,1850,1951,1877,14.943875334312718
1677,Royal Hittite Religion,-1650,-1180,1884,12.741488664792849
1688,Arianism,200,800,132,15.463113061554482
1689,The Isma'ilis in the Ottoman Empire,1516,1919,1892,9.529438294279746
1690,Christianity in Byzantium: between the end of Iconoclasm and the Schism,843,1054,1893,13.978985850392128
1694,Christianity in Byzantium: Between the Schism and the Fourth Crusade,1054,1204,1897,13.06125411890591
1697,Stylite Monks,450,1450,1626,14.350983827515243
1701,The Premonstratensian Order in the Middle Ages,1120,2023,1902,2.4509464771444422
1703,Arsenites,1265,1310,1904,12.244368962772214
1706,Virú State Religion,-200,700,1907,6.646754506886026
1708,الإباضية  Al-Ibadia,708,2023,1909,12.808020182453205
1709,Almohads (al-Muwaḥḥidūn),1115,1269,1910,15.062483609959976
1714,Syncretic Polytheism in Curious Pastimes LARP,2019,2022,1915,-0.21749348762919812
1734,Cupisnique Culture Religion,-1600,-400,1941,9.648356145577049
1737,الإمامية Al-Imamia,661,2023,1943,14.726338450998488
1740,The Canterbury School of Theodore of Tarsus and Hadrian the North African,669,690,1945,11.710112463830425
1741,Methodism in Zimbabwe or Methodist Church in Zimbabwe,1891,2023,1946,12.883432436564137
1759,الطريقة الشاذلية = Attarika Achadoulia,1195,2023,1962,15.722091129534522
1774,إباضية جزيرة جربة,-1557,1864,1967,6.165240296016478
1776,الطريقة القادرية في البلاد التونسية,1881,1939,1969,11.79680325468504
1777,الطريقة التّيجانية بالبلاد التونسية,-1881,1939,1970,11.952107301400796
1779,المذهب المالكي بالبلاد التونسية,-1956,2023,1970,11.952107301400796
1780,الطريقة الشاذلية في تونس,1881,1939,1980,11.960542404130612
1781,المذهب الشيعي في تونس,1969,2023,1970,11.952107301400796
1791,"الطريقة القادرية في بغداد: فترة التأسيس ق12 Attarika Al Qadiria à Bagdad: la période fondatrice, le XIIe siècle",1100,1200,1985,5.982413840703699
1793,Monothelitism,456,681,13,14.466582296463523
1805,Wahhabisme الوهّابيّة,1744,1819,1993,12.986948627250406
1806,Sango Religious group in Oyo,1800,1900,1995,5.163889948205476
1808,'yan Taru (Women Cadre of the Nana Asma'u),1793,1864,1673,13.473369030068305
1820,"Cherubim and Seraphim Church Unification, Campus Fellowship",1980,2019,1082,13.654757111995742
1829,Cherubim and Seraphim Unification Church of Nigeria (C&SUCN),1986,2019,1082,13.654757111995742
1835,"The Cherubim and Seraphim Church of Zion, Ugbonla",1948,2023,2005,1.002798133693113
1845,Benedictine Order in Denmark,1018,1536,2010,10.695177330762043
1858,Christianity in Alexandria: From Origen to Athanasius,185,373,2015,3.513797678615433
1869,IFA RELIGIOUS GROUP IN ILE- IFE,1930,2015,2017,4.782151955048016
1872,"The Holy Apostles Community, Ayetoro",1947,2023,2018,-1.1543569432951748
1897,"The Episcopal Church of Cherubim and Seraphim, Zion Pepe",1951,2023,2024,7.241323814876629
1903,The 'Abbāsids,750,1258,2032,15.927146726270614
1904,الطريقة القادرية في تونس القرن  19 و20   =  L'ordre Qadiri en Tunisie aux XIXe et XXe siècles,1800,2000,2033,11.949184519036804
1908,"Buddhist Traders in the Chinese Quarter in Hakata, Japan",1100,1300,2035,-0.49254824764806615
1918,Contemporary Neo-Confucianism 當代新儒家,1950,2023,2052,12.405352056973301
1928,(The gathering of the Messenger of God does not falter)وجمع رسول الله لا يتشعث,-1793,1864,1673,13.473369030068305
1938,Bahai religion,1850,2023,2045,14.356994224119347
1940,"The Holy Apostles Community, Ori-Oke Iwamimo",1950,2023,2044,-6.871814208495105
1943,Cult of Gauchito Gil,1990,2020,2047,14.853039474459077
1945,Theyyam Worshippers,-500,2023,2050,8.834772685836521
1958,The Apostolic Faith Mission in Zimbabwe,1915,2018,2058,12.876671102307379
1961,"Grace Covenant Centre, Ado-Ekiti",1990,2023,2061,5.0083784742951085
1962,Huayan School 華嚴宗,670,845,809,15.027386147354102
1966,Cherubim & Seraphim Movement Church (Worldwide) Ayo Ni O,1972,2023,2075,13.723923434042002
1972,Shepherding Movement,1970,2000,1131,15.860842504894643
1974,"Chapel of Grace, Ile-Ife",1989,2023,2072,-8.383936075445574
1978,"The Dharmalakshana Buddhist Institute 佛教法相學會, Hong Kong",1965,2023,2077,6.979517602846816
1983,Early Byzantine Asceticism,400,600,2092,15.65291437622739
1985,Christianity in Antioch. From the Apostolic Era to the Islamic conquest,34,638,2094,3.230351277299992
1989,Iron Age Celtic Spain and Portugal (Celtiberia),-600,300,2096,13.285369110031546
1993,Ancient Boeotians,-600,400,2099,7.8869777626360955
1994,Nigeria Fellowship of Evangelical Students (NIFES),1968,2023,1082,13.654757111995742
2000,"The Community Church of Apostles Nigeria and Oversea (COCANO), Ajegunle",1933,2023,2104,1.031371384336185
2003,Nigerian Baptist Convention,1914,2023,1082,13.654757111995742
2006,New Life for All Nations Ministries,1970,2023,1082,13.654757111995742
2009,Ancient Arcadians,-800,300,2108,8.230615890139774
2010,Bektashi Tarika,1240,2023,2109,13.995376912971428
2016,الدولة الفاطمية 909 - 1171م,-909,1171,2113,14.720716486222168
2021,The United Missionary Church of Africa,1905,2023,2119,12.574126031505013
2023,الدولة الزيرية 971 - 1152,971,1152,2131,14.094276480550759
2027,Hizb-ut-Tahrir,1953,2023,2124,16.512240344180885
2031,الدولة الأغلبية  184-296 هجري,800,909,2133,13.924324165254482
2038,"Cathars, Catharism, Albigenses, Albigensians, Cathari, Catharistae, ""Pure Christians""",1000,1300,2138,14.071126646811612
2048,الدولة الرستمية,-777,909,2144,12.808660836885156
2052,Christ Way Ministries International,1992,2023,2147,11.881283344433784
2054,Christ Apostolic Church,1918,2023,1082,13.654757111995742
2061,OYA RELIGIOUS GROUP IN OYO,1800,1900,1995,5.163889948205476
2069,L'ordre Soufi Qasimite Hadfite الطريقة الصوفية القاسميّة الهادفية,1969,2022,2164,4.0539011645695835
2070,Overcomers Evangelical Mission International (Ori-Oke Asegun),2003,2018,2017,4.782151955048016
2074,"Revolutionary Mahdism and Resistance to Colonial Rule in the Sokoto Caliphate, 1905-1906",1905,1906,1836,11.937902144955936
2084,MAITATSINE: NIGERIA'S BLOODY RELIGIOUS TERRORIST MOVEMENT,1980,1985,2194,11.937902144955936
2089,L'ordre Soufit karkariya en Tunisie الطريقة الكركرية في تونس,1974,2023,2174,12.430411742632002
2094,Feathered Serpent's cult,100,1521,1656,-3.972779845832281
2100,الدولة الزيانية,1235,1554,2183,12.10200680714991
2104,الطريقة التجانية في تونس ق18-ق19 ATARIKA TJENIA FI TOUNES  XVIII-XIXème siècle,1700,1900,2185,11.946621270765112
2111,Tsinburbura Traditional Religion,700,1463,1673,13.473369030068305
2114,Tijaniyyah Sufi Movement in North-Western Nigeria,1837,1990,1673,13.473369030068305
2116,Qadiriyyah Movement in the Sokoto Caliphate.,1804,1923,1673,13.473369030068305
2122,Jama'at Izalat al-Bid'ah wa Iqamat al-Sunnah (JIBWIS),1978,2008,2195,13.49012353328415
2126,Nasrul-lahi-li Fathi Society of Nigeria (NASFAT),1984,2023,1082,13.654757111995742
2128,Paulicians,650,1700,1893,13.978985850392128
2131,Chimú Empire Religion,900,1470,2199,10.716703611757268
2133,ANSAR-UD-DEEN SOCIETY OF NIGERIA,1923,2000,1082,13.654757111995742
2138,الجماعة الأحمدية الإسلامية في نيجيريا,1916,2024,1082,13.654757111995742
2139,Shi'a Group in Nigeria,1980,2020,1082,13.654757111995742
2141,(Ahl al-Sunnah Group for Preaching and Jihad)جماعة أهل السنة للدعوة والجهاد,2002,2022,1082,13.654757111995742
2147,الدولة الحفصية 1229-1574,-100,1574,2210,14.01169184386503
2148,الدولة الحسينية 1705م -1957م,1705,1957,2218,11.997394252138664
2149,Judaism in Byzantium,330,1453,1893,13.978985850392128
2157,Blue Light Evangelicals in the Late Eighteenth-Century Royal Navy,1775,1815,2225,14.0647899840171
2160,Manichaeans,250,843,2228,11.235519875963732
2166,Judaism in Byzantium,395,1453,1893,13.978985850392128
2168,"Dzibilchaltún, arquitectura, poder y cambio religioso en el norte de Yucatán",-600,1100,2235,3.078319623516346
2180,Cao Đài,1921,2024,2244,7.71444726166207
2194,The Redeemed Christian Church of God,1952,2023,2256,13.7108679578338
2200,The Roman Catholic Mission in Nigeria,1480,2024,1082,13.654757111995742
2203,Huang-Lao Daoism,-476,220,501,14.851756974879153
2210,Living Faith Church Worldwide,1981,2024,2119,12.574126031505013
2225,"Culdees, Céli Dé, Céili Dé, Céle Dé,  ""Clients of God"", ""Servants of God"", ""Spouses of God"", ""Companions of God"", Kelidei, Kaledei; Céile Dé",700,1100,2280,11.994655601250004
2228,Church of God Mission,1972,2024,1082,13.654757111995742
2232,"Lollards, Lollard, the Lollard movement, Lollardism,  Lollardy, Wycliffites",1350,1500,2289,11.937705893421677
2233,The Way of Former Heaven (Xiantiandao 先天道),1734,2024,2291,13.221868649045078
2237,"Order of Preachers, Dominicans, Friars Preachers, Black Friars, Jacobins",1217,2024,2295,
2238,XX ــــــــ    ـق  XVIII   الطريقة التجانية في الجزائر :ق,1700,2000,2296,14.673514976407283
2243,Hui People,700,2024,2301,15.247884887105746
2244,"Catholicism in the Latin Empire, Catholicism in the Eastern Roman Empire (Byzantium), the Latin Patriarchate of Constantinople",1204,1261,2302,12.524758093969583
2245,صقلية الإسلامية,-652,1240,2303,10.128429721375081
2246,المذهب الحنفي بالبلاد التونسية,-819,1957,2329,11.968537219167105
2247,الفتح العربي الإسلامي لشمال إفريقيا,647,712,2330,14.342090777468433
2248,الدولة المرادية في تونس,1631,1702,2331,11.982080777432936
2255,Dongxiang,1340,2024,2340,14.295190529859621
2256,الطريقة الرحمانية في الجزائر  ق18-ق20,1700,2000,2342,14.693250730682177
2264,The Puritans,1560,1720,2350,12.740431723545553
2266,Yangsheng Daoism from Laozi to Ge Hong,-571,343,1183,15.359265473972362
2273,Yuan divination schools,1291,1368,2356,15.916527106284585
2274,Ìjọ Àdìmúlà (An Institutionalised Indigenous Religious Movement in Yorubaland,1920,2023,2357,8.700741980925622
2278,الطريقة القادرية البودشيشية في المغرب الأقصى,1700,2024,2359,13.553481877024838
2290,الطريقة القادرية في مصر ق13م-ق21م,1200,2024,2372,13.7993409753417
2302,Casma-Sechín Culture Religion,-3400,-1800,2379,7.26426734839478
2308,الفتح العربي الإسلامي للأندلس,711,726,2385,13.349369502941405
